emerge,genomic,emr,genetic,electronic,phenotype,phenotypes,medicine,ehr,variants
imaging,dementia,grant,methods,pathology,statistical,renewal,complex,cross,heterogeneity
glaucoma,pa,visual,optical,physical activity,retinal,eye,progression,structural,damage
opioid,encode,center,elements,human genome,integration,genome,data analysis,techniques,analysis
asthma,childhood,children,pediatric,bacterial,chronic,respiratory,host,medications,production
suicide,risk,behavior,opioid,trajectories,trauma,death,outcomes,psychiatric,risk factors
ad,alzheimer,alzheimer disease,disease ad,disease,dementia,neuroimaging,neurodegenerative,cognitive,longitudinal
mental,mental health,psychiatric,disorders,anxiety,illness,investigator,depression,adolescents,genetics
breast,breast cancer,cancer,women,risk,biopsy,density,invasive,risk prediction,tumors
language,infants,children,asd,statistical learning,statistical,acquisition,autism,development,developmental
sleep,eeg,behaviors,physiology,muscle,protocols,biology,communities,distinct,theoretical
students,ai,course,database,biology,continue,computer,genomic,computational,biological
mass,missing,variation,database,creating,proteins,initiative,base,genetic,model
protein,proteins,structure,drug,structures,sequence,binding,structural,methods,computational
intervention,mobile,care,technology,home,physical,phase,time,real,sensor
tumor,imaging,tissue,mri,surgical,surgery,treatment,cancer,brain,tumors
software,biomedical,tools,analysis,open,community,cloud,researchers,computational,image
youth,evidence based,estimates,etiology,evaluate,evaluated,evaluating,evaluation,event,events
imaging,image,cancer,detection,images,patients,diagnosis,mri,diagnostic,ct
flow,analysis,sensor,data sets,array,methods,monitor,blood,sets,context
malaria,resistance,bacterial,infection,transmission,infectious,infections,control,pregnancy,environmental
media,ards,social media,social,respiratory,control,vector,behaviors,disease,syndrome
dr,ms,training,career,program,mentoring,students,big data,big,career development
copd,hiv,smoking,pulmonary,chronic,men,lung,cohort,vascular,real time
viral,structures,rna,structure,3d,function,sites,dynamics,density,maps
alcohol,economic,barriers,substance use,families,chemical,substance,rare,generating,feedback
epilepsy,eeg,recordings,onset,invasive,network,devices,generation,learn,systems
bone,abstract,available,structure,analysis,response,access,biomedical,information,evidence
computational,intelligence,clinicians,cognitive,medical,approaches,concepts,distributed,face,cognition
drug,product,foundation,products,available,abstract,model,users,emergency,respond
hiv,infected,infection,hand,viral,virus,living,stress,associated,individuals
crc,psychosis,schizophrenia,thought,speech,onset,semantic,language,automated,production
youth,evidence based,estimates,etiology,evaluate,evaluated,evaluating,evaluation,event,events
protein,adverse,network,knowledge,signaling,events,information,vaccine,location,images
speech,infant,perception,language,recordings,coding,day,communication,automated,interactive
diagnoses,diagnostic,criteria,regulatory,temporal,procedures,youth,biomedical,ii,components
cell,gene,genetic,cancer,genes,human,disease,genome,expression,cells
pain,chronic,opioid,morbidity,youth,evidence based,evaluate,evaluated,evaluating,evaluation
diabetes,day,immune,chronic,daily,severity,condition,monitoring,syndrome,targets
neural,brain,visual,activity,neurons,motor,behavior,cortex,understanding,circuits
substance,substance use,adolescent,hiv,youth,consortium,brain,adolescents,assessments,effects
microbiome,virus,host,trauma,viral,communities,interactions,bacterial,immune,environments
brain,asd,connectivity,functional,cognitive,fmri,neuroimaging,disorder,disorders,neural
liver,recognition,metabolic,visualization,accurate,infection,image,composition,enhanced,testing
pregnancy,fetal,women,alternative,risks,real time,obesity,youth,estimate,estimated
reading,vision,impaired,computer vision,persons,device,computer,text,visual,user
youth,evidence based,estimates,etiology,evaluate,evaluated,evaluating,evaluation,event,events
smoking,relapse,cues,emotional,proposed project,addiction,theory,cognition,basic,project aims
heart,hf,heart failure,cardiac,failure,mortality,safety,survival,muscle,coronary
risk,ad,cognitive,aging,exposure,age,factors,alcohol,disease,study
vaccine,immune,virus,selection,infection,develop validate,severe,pa,infectious,species
patients,care,risk,patient,treatment,outcomes,decision,disease,medical,methods
prenatal,exposure,opioid,fetal,consortium,phase ii,study,ii,brain,phase
spinal,stimulation,injury,motor,recovery,function,complete,humans,parameters,subjects
stroke,recovery,rehabilitation,movements,quantify,post,motion,dose,measurement,precise
kidney,diabetic,estimate,estimates,etiology,evaluate,evaluated,evaluating,evaluation,event
pd,international,youth,evidence based,etiology,evaluate,evaluated,evaluating,evaluation,event
neuroscience,alcohol,integrated,consortium,mining,core,informatics,search,tools,data mining
nlp,information,text,biomedical,language,natural language,medical,knowledge,language processing,natural
radiation,planning,treatment,vision,plan,expert,optimization,therapy,low,dr
